1,Nemish,44:04.5, IN TIMING
1,Nemish,09:09.2, OUT TIMING
2,Seema,18:11.5, IN TIMING
4,Sunny,19:59.0, IN TIMING
4,Sunny,38:24.5, OUT TIMING
2,Seema,40:05.9, OUT TIMING
5,Vidit,46:15.5, IN TIMING
5,Vidit,46:59.0, OUT TIMING

6,Sakib,2021-05-29 11:43:47.693209, IN TIMING
6,Sakib,2021-05-29 11:45:44.295158, OUT TIMING
7,Israr,2021-05-29 12:04:13.558779, IN TIMING
7,Israr,2021-05-29 12:05:18.284649, OUT TIMING
8,Ikhlas,2021-05-29 13:00:20.459068, IN TIMING
8,Ikhlas,2021-05-29 13:01:40.229017, OUT TIMING
9,Iliyas,2021-05-29 13:08:56.232761, IN TIMING
9,Iliyas,2021-05-29 13:09:36.096372, OUT TIMING